--
-- PostgreSQL database dump
--

-- Dumped from database version 14.11 (Ubuntu 14.11-0ubuntu0.22.04.1)
-- Dumped by pg_dump version 14.11 (Ubuntu 14.11-0ubuntu0.22.04.1)

SET statement_timeout = 0;
SET lock_timeout = 0;
SET idle_in_transaction_session_timeout = 0;
SET client_encoding = 'UTF8';
SET standard_conforming_strings = on;
SELECT pg_catalog.set_config('search_path', '', false);
SET check_function_bodies = false;
SET xmloption = content;
SET client_min_messages = warning;
SET row_security = off;

--
-- Name: uuid-ossp; Type: EXTENSION; Schema: -; Owner: -
--

CREATE EXTENSION IF NOT EXISTS "uuid-ossp" WITH SCHEMA public;


--
-- Name: EXTENSION "uuid-ossp"; Type: COMMENT; Schema: -; Owner: 
--

COMMENT ON EXTENSION "uuid-ossp" IS 'generate universally unique identifiers (UUIDs)';


SET default_tablespace = '';

SET default_table_access_method = heap;

--
-- Name: ads; Type: TABLE; Schema: public; Owner: postgres
--

CREATE TABLE public.ads (
    id uuid DEFAULT public.uuid_generate_v4() NOT NULL,
    title character varying(255) NOT NULL,
    places integer,
    created_at timestamp without time zone DEFAULT now(),
    updated_at timestamp without time zone DEFAULT now(),
    default_price integer,
    rate integer,
    category_id uuid,
    user_id uuid
);


ALTER TABLE public.ads OWNER TO postgres;

--
-- Name: ads_attributes; Type: TABLE; Schema: public; Owner: postgres
--

CREATE TABLE public.ads_attributes (
    id uuid DEFAULT public.uuid_generate_v4() NOT NULL,
    ads_id uuid,
    attribute_id uuid,
    value character varying(255)
);


ALTER TABLE public.ads_attributes OWNER TO postgres;

--
-- Name: attributes; Type: TABLE; Schema: public; Owner: postgres
--

CREATE TABLE public.attributes (
    id uuid DEFAULT public.uuid_generate_v4() NOT NULL,
    title character varying(255) NOT NULL
);


ALTER TABLE public.attributes OWNER TO postgres;

--
-- Name: categories; Type: TABLE; Schema: public; Owner: postgres
--

CREATE TABLE public.categories (
    id uuid DEFAULT public.uuid_generate_v4() NOT NULL,
    title character varying(255) NOT NULL
);


ALTER TABLE public.categories OWNER TO postgres;

--
-- Name: category_attributes; Type: TABLE; Schema: public; Owner: postgres
--

CREATE TABLE public.category_attributes (
    id uuid DEFAULT public.uuid_generate_v4() NOT NULL,
    category_id uuid,
    attribute_id uuid
);


ALTER TABLE public.category_attributes OWNER TO postgres;

--
-- Name: favorites; Type: TABLE; Schema: public; Owner: postgres
--

CREATE TABLE public.favorites (
    id uuid DEFAULT public.uuid_generate_v4() NOT NULL,
    user_id uuid,
    ads_id uuid
);


ALTER TABLE public.favorites OWNER TO postgres;

--
-- Name: followers; Type: TABLE; Schema: public; Owner: postgres
--

CREATE TABLE public.followers (
    followerid uuid,
    followeeid uuid,
    id uuid DEFAULT public.uuid_generate_v4() NOT NULL
);


ALTER TABLE public.followers OWNER TO postgres;

--
-- Name: settings; Type: TABLE; Schema: public; Owner: postgres
--

CREATE TABLE public.settings (
    id uuid DEFAULT public.uuid_generate_v4() NOT NULL,
    user_id uuid,
    theme character varying(10) DEFAULT 'white'::character varying
);


ALTER TABLE public.settings OWNER TO postgres;

--
-- Name: users; Type: TABLE; Schema: public; Owner: postgres
--

CREATE TABLE public.users (
    id uuid DEFAULT public.uuid_generate_v4() NOT NULL,
    firstname character varying(255),
    lastname character varying(255),
    login character varying(255) NOT NULL,
    bio character varying(255),
    email character varying(255),
    password character varying(255)
);


ALTER TABLE public.users OWNER TO postgres;

--
-- Data for Name: ads; Type: TABLE DATA; Schema: public; Owner: postgres
--

COPY public.ads (id, title, places, created_at, updated_at, default_price, rate, category_id, user_id) FROM stdin;
8187901a-7460-4b49-8f3e-f8ae39e82ef5	Fender	200	2024-04-04 12:12:01.001974	2024-04-04 12:12:01.001974	60000	500	baeac11b-b3be-4328-a403-fc0b32feaa5b	dd8d8307-a8ee-4c02-b3b9-d7f01fbb5c59
0e9e5825-6765-42ed-bd30-a54f3cb717ba	racer storm 250	\N	2024-04-07 14:55:48.9182	2024-04-07 14:55:48.9182	\N	\N	fc1ad0ef-6507-4bad-8eac-5db5471ca61e	a5176754-e67b-46c7-8853-9a4e52169651
\.


--
-- Data for Name: ads_attributes; Type: TABLE DATA; Schema: public; Owner: postgres
--

COPY public.ads_attributes (id, ads_id, attribute_id, value) FROM stdin;
df2945d4-87e6-4ed9-86f9-722ac0d733b5	0e9e5825-6765-42ed-bd30-a54f3cb717ba	d7dfeb57-65c3-42d5-b118-2e99f3ba8b30	black
50cb1114-4f51-42d4-9161-f24ca8822803	0e9e5825-6765-42ed-bd30-a54f3cb717ba	446244a8-b6f6-4e84-9111-1be49f109fc1	160
0280d24b-2727-4d08-82bc-52566848f5e8	8187901a-7460-4b49-8f3e-f8ae39e82ef5	62f8fb52-c15d-48b8-8a85-42058783d3a4	fender
66e3684f-475b-42c8-b623-2be676a45d59	8187901a-7460-4b49-8f3e-f8ae39e82ef5	d7dfeb57-65c3-42d5-b118-2e99f3ba8b30	red
\.


--
-- Data for Name: attributes; Type: TABLE DATA; Schema: public; Owner: postgres
--

COPY public.attributes (id, title) FROM stdin;
d7dfeb57-65c3-42d5-b118-2e99f3ba8b30	color
446244a8-b6f6-4e84-9111-1be49f109fc1	speed
62f8fb52-c15d-48b8-8a85-42058783d3a4	company
\.


--
-- Data for Name: categories; Type: TABLE DATA; Schema: public; Owner: postgres
--

COPY public.categories (id, title) FROM stdin;
baeac11b-b3be-4328-a403-fc0b32feaa5b	Guitar
fc1ad0ef-6507-4bad-8eac-5db5471ca61e	Transport
\.


--
-- Data for Name: category_attributes; Type: TABLE DATA; Schema: public; Owner: postgres
--

COPY public.category_attributes (id, category_id, attribute_id) FROM stdin;
5196a151-3a57-4877-afd0-5821289421da	fc1ad0ef-6507-4bad-8eac-5db5471ca61e	d7dfeb57-65c3-42d5-b118-2e99f3ba8b30
1790ee46-59aa-42ac-b2d5-b6548c4f5a6a	fc1ad0ef-6507-4bad-8eac-5db5471ca61e	446244a8-b6f6-4e84-9111-1be49f109fc1
3281fda7-e993-4d18-9750-026505035755	baeac11b-b3be-4328-a403-fc0b32feaa5b	62f8fb52-c15d-48b8-8a85-42058783d3a4
4fd1fe63-dde5-4817-ac59-23dc9e164736	baeac11b-b3be-4328-a403-fc0b32feaa5b	d7dfeb57-65c3-42d5-b118-2e99f3ba8b30
\.


--
-- Data for Name: favorites; Type: TABLE DATA; Schema: public; Owner: postgres
--

COPY public.favorites (id, user_id, ads_id) FROM stdin;
\.


--
-- Data for Name: followers; Type: TABLE DATA; Schema: public; Owner: postgres
--

COPY public.followers (followerid, followeeid, id) FROM stdin;
\.


--
-- Data for Name: settings; Type: TABLE DATA; Schema: public; Owner: postgres
--

COPY public.settings (id, user_id, theme) FROM stdin;
\.


--
-- Data for Name: users; Type: TABLE DATA; Schema: public; Owner: postgres
--

COPY public.users (id, firstname, lastname, login, bio, email, password) FROM stdin;
a5176754-e67b-46c7-8853-9a4e52169651	Ksu	Turaeva	alatfar	\N	\N	$2b$10$z5k7YOQ5D1Rud8rr.0rNOeciuFAFWnHVwFR485A7XP197w.0/ow7y
dd8d8307-a8ee-4c02-b3b9-d7f01fbb5c59	Maria	Berestovaya	creator	You already know who I am	\N	$2b$10$aHGA8qVsGgRlRlpQBMM11eqR5eTZ3pAPAbA.dXBA1qDE3meQ/ak.W
\.


--
-- Name: ads_attributes ads_attributes_pkey; Type: CONSTRAINT; Schema: public; Owner: postgres
--

ALTER TABLE ONLY public.ads_attributes
    ADD CONSTRAINT ads_attributes_pkey PRIMARY KEY (id);


--
-- Name: ads ads_pkey; Type: CONSTRAINT; Schema: public; Owner: postgres
--

ALTER TABLE ONLY public.ads
    ADD CONSTRAINT ads_pkey PRIMARY KEY (id);


--
-- Name: attributes attributes_pkey; Type: CONSTRAINT; Schema: public; Owner: postgres
--

ALTER TABLE ONLY public.attributes
    ADD CONSTRAINT attributes_pkey PRIMARY KEY (id);


--
-- Name: categories categories_pkey; Type: CONSTRAINT; Schema: public; Owner: postgres
--

ALTER TABLE ONLY public.categories
    ADD CONSTRAINT categories_pkey PRIMARY KEY (id);


--
-- Name: category_attributes category_attributes_pkey; Type: CONSTRAINT; Schema: public; Owner: postgres
--

ALTER TABLE ONLY public.category_attributes
    ADD CONSTRAINT category_attributes_pkey PRIMARY KEY (id);


--
-- Name: favorites favorites_pkey; Type: CONSTRAINT; Schema: public; Owner: postgres
--

ALTER TABLE ONLY public.favorites
    ADD CONSTRAINT favorites_pkey PRIMARY KEY (id);


--
-- Name: followers followers_pkey; Type: CONSTRAINT; Schema: public; Owner: postgres
--

ALTER TABLE ONLY public.followers
    ADD CONSTRAINT followers_pkey PRIMARY KEY (id);


--
-- Name: settings settings_pkey; Type: CONSTRAINT; Schema: public; Owner: postgres
--

ALTER TABLE ONLY public.settings
    ADD CONSTRAINT settings_pkey PRIMARY KEY (id);


--
-- Name: users users_pkey; Type: CONSTRAINT; Schema: public; Owner: postgres
--

ALTER TABLE ONLY public.users
    ADD CONSTRAINT users_pkey PRIMARY KEY (id);


--
-- Name: ads_attributes ads_attributes_ads_id_fkey; Type: FK CONSTRAINT; Schema: public; Owner: postgres
--

ALTER TABLE ONLY public.ads_attributes
    ADD CONSTRAINT ads_attributes_ads_id_fkey FOREIGN KEY (ads_id) REFERENCES public.ads(id);


--
-- Name: ads_attributes ads_attributes_attribute_id_fkey; Type: FK CONSTRAINT; Schema: public; Owner: postgres
--

ALTER TABLE ONLY public.ads_attributes
    ADD CONSTRAINT ads_attributes_attribute_id_fkey FOREIGN KEY (attribute_id) REFERENCES public.attributes(id);


--
-- Name: ads ads_category_id_fkey; Type: FK CONSTRAINT; Schema: public; Owner: postgres
--

ALTER TABLE ONLY public.ads
    ADD CONSTRAINT ads_category_id_fkey FOREIGN KEY (category_id) REFERENCES public.categories(id);


--
-- Name: ads ads_user_id_fkey; Type: FK CONSTRAINT; Schema: public; Owner: postgres
--

ALTER TABLE ONLY public.ads
    ADD CONSTRAINT ads_user_id_fkey FOREIGN KEY (user_id) REFERENCES public.users(id);


--
-- Name: category_attributes category_attributes_attribute_id_fkey; Type: FK CONSTRAINT; Schema: public; Owner: postgres
--

ALTER TABLE ONLY public.category_attributes
    ADD CONSTRAINT category_attributes_attribute_id_fkey FOREIGN KEY (attribute_id) REFERENCES public.attributes(id);


--
-- Name: category_attributes category_attributes_category_id_fkey; Type: FK CONSTRAINT; Schema: public; Owner: postgres
--

ALTER TABLE ONLY public.category_attributes
    ADD CONSTRAINT category_attributes_category_id_fkey FOREIGN KEY (category_id) REFERENCES public.categories(id);


--
-- Name: favorites favorites_adsid_fkey; Type: FK CONSTRAINT; Schema: public; Owner: postgres
--

ALTER TABLE ONLY public.favorites
    ADD CONSTRAINT favorites_adsid_fkey FOREIGN KEY (ads_id) REFERENCES public.ads(id);


--
-- Name: favorites favorites_userid_fkey; Type: FK CONSTRAINT; Schema: public; Owner: postgres
--

ALTER TABLE ONLY public.favorites
    ADD CONSTRAINT favorites_userid_fkey FOREIGN KEY (user_id) REFERENCES public.users(id);


--
-- Name: followers followers_followeeid_fkey; Type: FK CONSTRAINT; Schema: public; Owner: postgres
--

ALTER TABLE ONLY public.followers
    ADD CONSTRAINT followers_followeeid_fkey FOREIGN KEY (followeeid) REFERENCES public.users(id);


--
-- Name: followers followers_followerid_fkey; Type: FK CONSTRAINT; Schema: public; Owner: postgres
--

ALTER TABLE ONLY public.followers
    ADD CONSTRAINT followers_followerid_fkey FOREIGN KEY (followerid) REFERENCES public.users(id);


--
-- Name: settings settings_userid_fkey; Type: FK CONSTRAINT; Schema: public; Owner: postgres
--

ALTER TABLE ONLY public.settings
    ADD CONSTRAINT settings_userid_fkey FOREIGN KEY (user_id) REFERENCES public.users(id);


--
-- PostgreSQL database dump complete
--

